city,state,total_reviews,with_authentic,pct
Feasterville,PA,2531,14,0.5531410509679968
Belle Chasse,LA,1420,15,1.056338028169014
Edwardsville,IL,8526,104,1.2197982641332394
Ruskin,FL,4704,236,5.017006802721088
Rock Hill,MO,602,9,1.495016611295681
Ferguson,MO,1107,11,0.9936766034327009
O'fallon,IL,570,2,0.3508771929824561
Hilltown,PA,63,0,0.0
Holland Southampton,PA,15,0,0.0
Newark,DE,13653,252,1.845748187211602
Newtown Square,PA,6165,74,1.2003244120032441
East Norriton,PA,3982,66,1.6574585635359116
Gloucester Township,NJ,720,12,1.6666666666666667
Bellair,FL,11,0,0.0
Palm Harbor,FL,22220,337,1.5166516651665165
Truckee,CA,198,0,0.0
Richboro,PA,2052,30,1.461988304093567
Spring House,PA,1306,18,1.3782542113323124
Palmetto,FL,487,1,0.20533880903490762
Lemay,MO,33,0,0.0
Carneys Point,NJ,154,0,0.0
Seffner,FL,3351,37,1.1041480155177559
Belmont Hills,PA,59,0,0.0
Oreland,PA,567,0,0.0
Jenkintown,PA,7793,56,0.7185936096496857
Tampa Bay,FL,3006,34,1.1310711909514306
Ambler,PA,8119,256,3.1530976721271093
abington,PA,5,0,0.0
Devon,PA,1654,25,1.5114873035066507
Hazelwood,MO,2248,45,2.0017793594306053
Murfreesboro,TN,17,0,0.0
Hermitage,TN,9038,144,1.5932728479752158
Morton,PA,843,5,0.5931198102016607
Bryn Mawr,PA,9885,207,2.0940819423368744
St Louis,MO,25064,427,1.7036386849664857
Berlin,NJ,2321,131,5.644118914261095
Holiday,FL,2629,107,4.069988588817041
Stratford,NJ,986,32,3.2454361054766734
Secane ,PA,8,0,0.0
St Albert,AB,1364,13,0.9530791788856305
Merchantville,NJ,1515,40,2.6402640264026402
Delanco,NJ,55,0,0.0
Collinsville,IL,3775,53,1.403973509933775
Talleyville,DE,253,0,0.0
King Of Prussia,PA,8470,70,0.8264462809917356
Saint Albert,AB,363,4,1.1019283746556474
Downingtown,PA,7724,150,1.9419989642672193
Monroe Township,NJ,119,0,0.0
Petersburg,FL,68,0,0.0
Lavergne,TN,13,0,0.0
Blue Bell,PA,6761,125,1.8488389291524923
Fort Washington,PA,3842,37,0.9630400832899532
Fairview Heights,IL,6593,120,1.8201122402548158
Elmwood,LA,505,2,0.39603960396039606
East Lansdowne,PA,65,0,0.0
Southeastern,PA,16,0,0.0
Meridian,ID,37363,488,1.3061049701576426
Temple Terrace,FL,5001,231,4.619076184763047
Penn Valley,PA,60,0,0.0
Belle Chase,LA,41,0,0.0
Somerdale,NJ,1274,20,1.5698587127158554
Holmes,PA,854,7,0.819672131147541
Evesham,NJ,293,6,2.04778156996587
Camden,NJ,2915,91,3.1217838765008574
Penns Grove,NJ,437,19,4.3478260869565215
Clearwater Beach,FL,21885,156,0.712816997943797
Hamilton,NJ,2687,202,7.517677707480462
Isla Vista,CA,7583,217,2.861664248977977
Ewing,NJ,4705,117,2.4867162592986185
Wallingford,PA,190,0,0.0
St. Albert,AB,1056,30,2.840909090909091
Pinellas Park,FL,18075,824,4.5587828492392815
Lansdale,PA,11509,237,2.059257972021896
Noblesville,IN,1264,23,1.8196202531645569
Carmel,IN,41560,707,1.7011549566891242
Santa Barbara,CA,269630,4530,1.6800801097800688
Kenner,LA,20825,468,2.247298919567827
Folcroft,PA,1026,31,3.0214424951267054
lutz,FL,28,0,0.0
Cahokia,IL,238,0,0.0
Berkeley,MO,198,0,0.0
TWN N CNTRY,FL,8,0,0.0
Paoli,PA,4105,135,3.2886723507917175
Bosie,ID,21,0,0.0
Barrington,NJ,653,5,0.7656967840735069
Pass-a-Grille,FL,5,0,0.0
Swarthmore,PA,1230,9,0.7317073170731708
Pottstown,PA,7383,163,2.207774617364215
O'Fallon,IL,5541,62,1.1189316007940806
Spring HIll,FL,9,0,0.0
St. Louis,MO,63437,930,1.4660214070652773
Clayton,MO,14385,131,0.910670837678137
Thorndale,PA,1061,14,1.3195098963242224
Paulsboro,NJ,322,4,1.2422360248447204
Beaumont,AB,239,4,1.6736401673640167
Riverview,FL,22742,434,1.9083633805294171
Montgomeryville,PA,2834,10,0.35285815102328866
Creve Coeur,MO,10097,90,0.8913538674853916
Southport,IN,253,5,1.9762845849802373
Pennsauken,NJ,3297,25,0.7582650894752806
Glendora,NJ,888,4,0.45045045045045046
Audubon,PA,1833,13,0.7092198581560284
Santa Barbara ,CA,74,0,0.0
Riverside,NJ,513,32,6.237816764132553
Huntingdon Valley,PA,4967,79,1.5904972820616066
Line Lexington,PA,205,0,0.0
Quakertown,PA,1671,72,4.308797127468582
Perkasie,PA,2118,16,0.7554296506137866
Alton,IL,3605,29,0.8044382801664356
Chalmette,LA,2342,58,2.4765157984628523
Indianapolis,IN,361489,6870,1.9004727668061823
Spring City,PA,987,32,3.242147922998987
Willingboro,NJ,980,46,4.6938775510204085
Smyrna,TN,9745,149,1.5289892252437147
Audubon,NJ,1727,13,0.7527504342790967
Holland,PA,730,26,3.5616438356164384
Verdi,NV,2078,23,1.1068334937439845
Kingston Springs,TN,451,10,2.2172949002217295
Sun Valley,NV,914,8,0.87527352297593
KIRKWOOD,MO,16,0,0.0
Prospect Park,PA,1247,40,3.2076984763432237
Drexel Hill,PA,4502,50,1.1106175033318524
Tarpon Springs,FL,16200,682,4.209876543209877
Kuna,ID,151,0,0.0
Redingtn Shor,FL,429,2,0.4662004662004662
Greenbrier,TN,231,4,1.7316017316017316
Westampton Township,NJ,10,0,0.0
Deptford,NJ,3659,25,0.6832467887400929
Warson Woods,MO,191,5,2.6178010471204187
Wesley Chapel,FL,22550,362,1.605321507760532
Souderton,PA,2679,97,3.6207540126913025
Collingdale,PA,508,13,2.559055118110236
Tuscon,AZ,721,20,2.7739251040221915
Tabernacle,NJ,383,4,1.0443864229765014
Breckenridge Hills,MO,143,5,3.4965034965034967
Norriton,PA,6,0,0.0
Abington Township,PA,261,2,0.7662835249042145
Salem,NJ,225,2,0.8888888888888888
Philadelphia,PA,967517,19452,2.010507308915502
Essington,PA,2095,14,0.6682577565632458
Kimberton,PA,254,0,0.0
Hainesport,NJ,959,2,0.20855057351407716
Boothwyn,PA,999,47,4.704704704704705
Feasterville Trevose,PA,2214,42,1.8970189701897018
telford,PA,9,0,0.0
Flanders,NJ,17,0,0.0
Lindenwold,NJ,1327,129,9.721175584024115
Goodlettsville,TN,4674,88,1.8827556696619598
Sellersville,PA,880,1,0.11363636363636363
Woodstown,NJ,312,2,0.641025641025641
Chester Springs,PA,2255,21,0.9312638580931265
Wynnewood,PA,4368,99,2.2664835164835164
Harleysville,PA,2640,23,0.8712121212121213
Havertown,PA,8549,83,0.9708737864077669
Jeffersonville,PA,142,0,0.0
Sun City,FL,83,0,0.0
West Chester,PA,25269,518,2.0499426174363844
Glenolden,PA,1191,6,0.5037783375314862
Sharon Hill,PA,266,2,0.7518796992481203
Zionsville,IN,7884,78,0.989345509893455
Shamong,NJ,703,5,0.7112375533428165
Medford,NJ,5387,103,1.9120103953963246
Exton,PA,13315,358,2.6886969583176867
Fountainville,PA,60,0,0.0
Westampton,NJ,822,9,1.094890510948905
Woolwich Township,NJ,164,0,0.0
Gulfport,FL,4567,108,2.3647908911758266
Elmer,NJ,357,3,0.8403361344537815
Lester,PA,218,3,1.3761467889908259
clearwater,FL,38,0,0.0
Glenmoore,PA,254,4,1.574803149606299
Ewing Township,NJ,1591,16,1.005656819610308
Jobstown,NJ,75,0,0.0
Primos,PA,221,1,0.4524886877828055
Upper Southampton Township,PA,20,0,0.0
St Louis Downtown,MO,66,0,0.0
Twn N Cntry,FL,18,0,0.0
Doylestown,PA,15756,264,1.6755521706016754
Douglassville,PA,74,0,0.0
Temple Terr,FL,7,1,14.285714285714285
Maryville ,IL,38,0,0.0
Evesham Township,NJ,1109,26,2.3444544634806133
West Deptford,NJ,1113,3,0.2695417789757413
New Port Richey,FL,16013,278,1.736089427340286
Lutz,FL,19963,397,1.98867905625407
Warrington,PA,6619,34,0.5136727602356852
Clayton,NJ,276,7,2.536231884057971
Westmont,NJ,1977,68,3.43955488113303
Florence Township,NJ,38,0,0.0
Pennsville,NJ,696,4,0.5747126436781609
Limerick,PA,1943,16,0.8234688625836336
Aston,PA,2561,15,0.5857087075361187
Washington Crossing,PA,640,4,0.625
Maryville,IL,726,5,0.6887052341597797
New Britain,PA,251,2,0.796812749003984
Normandy,MO,58,0,0.0
SPARKS,NV,11,0,0.0
Nashville,TN,451506,7365,1.6312075587035388
Glen Carbon,IL,1225,1,0.0816326530612245
North Redington Beach,FL,1823,7,0.38398244651673064
NEW PORT RICHEY,FL,30,0,0.0
Chester,PA,1914,7,0.3657262277951933
Boise,ID,105366,1696,1.6096273940360266
East Lake,FL,6,0,0.0
Treasure Island,FL,9462,112,1.1836820968082857
Dover,FL,551,6,1.0889292196007259
Lambertville,NJ,7233,269,3.7190653947186507
Wimauma,FL,324,33,10.185185185185185
Primos-Secane,PA,48,0,0.0
Lawnside,NJ,442,2,0.4524886877828055
Woodbury,NJ,3882,52,1.3395157135497167
Mt. Juliet,TN,2334,24,1.0282776349614395
Flourtown,PA,1898,27,1.422550052687039
Gloucester City,NJ,599,11,1.8363939899833055
Land O'Lakes,FL,106,0,0.0
Saint Louis,MO,253437,4290,1.6927283703642326
Thorofare,NJ,330,3,0.9090909090909091
Avon,IN,9274,118,1.2723743799870606
Pike Creek,DE,263,0,0.0
Springfield,TN,828,17,2.0531400966183577
Sauget,IL,189,0,0.0
Darby,PA,281,5,1.7793594306049825
Vail,AZ,1603,15,0.9357454772301934
Freeburg,IL,142,0,0.0
Trappe,PA,660,5,0.7575757575757576
Woodbury Heights,NJ,568,2,0.35211267605633806
Mickleton,NJ,37,0,0.0
Philadephia,PA,428,0,0.0
St Petersburg,FL,24097,487,2.0209984645391543
Overland,MO,765,15,1.9607843137254901
Trinity,FL,3714,37,0.996230479267636
Arizona,AZ,11,0,0.0
NW Edmonton,AB,10,1,10.0
Lula Lula,HI,19,0,0.0
Spokane,WA,6,0,0.0
Lederach,PA,110,0,0.0
Gibsonton,FL,1246,14,1.1235955056179776
Mount Holly,NJ,3505,24,0.6847360912981455
Pennington,NJ,288,1,0.3472222222222222
Buckingham,PA,792,17,2.146464646464646
South Cinnaminson,NJ,36,0,0.0
Mount Royal,NJ,49,0,0.0
Montecito,CA,5042,83,1.6461721539071796
Haddon Heights,NJ,1234,12,0.9724473257698543
NASHVILLE,TN,171,1,0.5847953216374269
Southampton,NJ,494,4,0.8097165991902834
Valrico,FL,6887,112,1.6262523595179323
Green Lane,PA,110,1,0.9090909090909091
Sherwood Park,AB,4119,88,2.1364408837096382
Marcus Hook,PA,500,5,1.0
Clearwater,FL,87442,1942,2.2209007113286523
Voorhees,NJ,8082,199,2.462261816382084
Mendenhall,PA,179,0,0.0
Mount Juliet,TN,8155,171,2.0968730839975476
Troy,IL,987,4,0.4052684903748734
Fairmount Park,PA,10,0,0.0
Town And Country,MO,233,1,0.4291845493562232
Clementon,NJ,1969,39,1.9807008633824275
Telford,PA,833,39,4.68187274909964
West Berlin,NJ,2069,13,0.6283228612856452
Des Peres,MO,4422,19,0.4296698326549073
West Conshohocken,PA,570,1,0.17543859649122806
Shiloh,IL,1517,2,0.13183915622940012
Pennsburg,PA,480,1,0.20833333333333334
Star,ID,9,0,0.0
New Prt Rchy,FL,6,0,0.0
Sparks,NV,73007,1052,1.4409577163833605
Moorestown,NJ,7569,129,1.7043202536662705
Langhorne,PA,11040,89,0.806159420289855
Chalfont,PA,3204,83,2.5905118601747814
Frazer,PA,1218,31,2.5451559934318557
Arnold,MO,4575,18,0.39344262295081966
Madeira Beach,FL,13060,129,0.9877488514548239
Collingswood,NJ,10001,409,4.08959104089591
Mullica Hill,NJ,1978,7,0.3538928210313448
Berwyn,PA,4470,91,2.0357941834451903
Palmyra,NJ,688,17,2.4709302325581395
Kennett Square,PA,6614,165,2.4947081947384335
Runnemede,NJ,1867,35,1.8746652383502946
Oaklyn,NJ,1015,4,0.3940886699507389
Laurel Springs,NJ,574,5,0.8710801393728222
Saint Pete Beach,FL,4260,35,0.8215962441314555
Springfield,PA,10818,104,0.9613606951377335
Westwego,LA,1695,34,2.005899705014749
Westtown,PA,48,0,0.0
Green Valley,AZ,2290,21,0.9170305676855894
River Ridge,LA,776,7,0.902061855670103
Trooper,PA,340,5,1.4705882352941175
Chesterbrook,PA,277,2,0.7220216606498195
TAMPA,FL,583,1,0.17152658662092624
Elkins Park,PA,3992,109,2.7304609218436875
Perkiomenville,PA,233,0,0.0
Trainer,PA,18,0,0.0
St. Pete Beach,FL,18204,208,1.1426060206548012
Sicklerville,NJ,4251,75,1.7642907551164433
Hamilton Township,NJ,689,24,3.483309143686502
Avondale,PA,641,38,5.928237129485179
New Castle,DE,5035,144,2.8599801390268125
Brandon,FL,43464,963,2.2156267255659854
Antioch,TN,7395,304,4.110885733603786
Plainfield,IN,8193,64,0.7811546442084707
Broomall,PA,4349,42,0.9657392504023914
Bywater,LA,101,1,0.9900990099009901
Masaryktown,FL,190,18,9.473684210526317
Silverdale,PA,95,0,0.0
Oaks,PA,1756,16,0.9111617312072893
Lemay Ferry,MO,31,0,0.0
Schwenksville,PA,1057,4,0.3784295175023652
Oro Valley,AZ,13288,245,1.8437688139674895
Frontenac,MO,1560,11,0.7051282051282052
Earth City,MO,381,2,0.5249343832020997
Affton,MO,947,14,1.478352692713833
Pittsgrove Township,NJ,5,1,20.0
Safety Harbor,FL,6855,76,1.1086797957695114
Town & Country,MO,141,0,0.0
Greenville,DE,491,2,0.40733197556008144
Dublin,PA,523,6,1.147227533460803
Willingboro Township,NJ,143,0,0.0
PHILA,PA,94,0,0.0
Dunedin,FL,23876,576,2.412464399396884
Wyndmoor,PA,591,7,1.1844331641285957
Levittown,PA,6593,103,1.5622630062187168
Town 'n' Country,FL,137,5,3.64963503649635
North Wales,PA,10912,139,1.2738269794721409
Maple Shade Township,NJ,664,4,0.6024096385542169
O Fallon,IL,1636,19,1.1613691931540342
Bridgeton,MO,4304,154,3.578066914498141
Maple Glen,PA,822,18,2.18978102189781
Gibbsboro,NJ,497,3,0.6036217303822937
Millstadt,IL,297,1,0.33670033670033667
Garden City,ID,4234,90,2.1256495040151155
Lahaska,PA,2011,12,0.5967180507210343
Seminole,FL,10084,200,1.9833399444664817
Edmundson,MO,7,0,0.0
Bordentown,NJ,4458,33,0.7402422611036339
Vail,CO,12,0,0.0
Franklin,TN,56684,842,1.4854279867334697
Kirkwood,MO,8856,57,0.6436314363143631
Magnolia,NJ,630,7,1.1111111111111112
Pontoon Beach,IL,195,4,2.051282051282051
Chesterfield,MO,5982,142,2.3737880307589436
Whitestown,IN,1589,8,0.5034612964128383
Marrero,LA,3904,39,0.9989754098360657
Smithton,IL,74,1,1.3513513513513513
Hatfield,PA,2218,67,3.0207394048692517
Belleair Bluffs,FL,2019,13,0.6438831104507181
Waterford Works,NJ,87,1,1.1494252873563218
Mansfield,NJ,176,15,8.522727272727272
Rosemont,PA,279,4,1.4336917562724014
Crestwood,MO,662,1,0.1510574018126888
Indian Shores,FL,3033,35,1.153972964061985
Largo,FL,27861,676,2.4263307131833027
Odessa,FL,3025,23,0.7603305785123967
Zephyrhills,FL,3276,109,3.3272283272283274
Gretna,LA,9698,295,3.0418643019179212
South Pasadena,FL,2179,35,1.6062413951353833
Ballwin,MO,9025,87,0.96398891966759
Brookhaven,PA,1472,4,0.2717391304347826
Bellevue,TN,819,2,0.2442002442002442
Carpinteria,CA,17381,252,1.449859041482078
Webster Groves,MO,5732,80,1.3956734124214933
Boyertown,PA,850,8,0.9411764705882352
Churchville,PA,366,0,0.0
Metairie,LA,64361,1071,1.6640512111371792
Wyncote,PA,1360,4,0.29411764705882354
Merion Station,PA,814,17,2.0884520884520885
Old Hickory,TN,1956,56,2.8629856850715747
Boone,NC,29,0,0.0
Wenonah,NJ,342,5,1.461988304093567
Fishers,IN,25324,395,1.5597851840151635
Chadds Ford,PA,4110,44,1.0705596107055961
Mascoutah,IL,401,32,7.98004987531172
Mt Laurel,NJ,439,9,2.050113895216401
Carrollwood,FL,207,0,0.0
St.Rose,LA,11,0,0.0
Oakville,MO,205,0,0.0
New Hope,PA,13351,220,1.647816642948094
Harahan,LA,5471,51,0.9321878998354963
ST. Louis,MO,40,2,5.0
Gallatin,TN,3064,59,1.925587467362924
Elverson,PA,61,0,0.0
St.Ann,MO,77,0,0.0
Southampton,PA,5402,72,1.3328396890040726
Sunset Hills,MO,757,2,0.26420079260237783
Columbia,IL,1062,15,1.4124293785310735
Roebling,NJ,56,0,0.0
Logan Township,NJ,196,11,5.612244897959184
Burlington,NJ,4746,39,0.8217446270543615
Sewell,NJ,5742,53,0.9230233368164402
Colmar,PA,1197,27,2.2556390977443606
Spanish Springs,NV,790,13,1.6455696202531647
Marlton,NJ,15449,155,1.0033011845426887
La Vergne,TN,1406,55,3.911806543385491
Yeadon,PA,290,5,1.7241379310344827
Hatboro,PA,4199,178,4.2391045487020715
Phoenixville,PA,12542,259,2.0650613937171105
Lithia,FL,1571,16,1.0184595798854232
Thonotosassa,FL,457,2,0.437636761487965
Speedway,IN,2489,39,1.566894335074327
Glassboro,NJ,4101,75,1.8288222384784198
Swansea,IL,1063,16,1.5051740357478833
Lionville,PA,116,0,0.0
Virginia City,NV,1393,23,1.6511127063890882
Mulberry,FL,153,0,0.0
Feasterville-Trevose,PA,1962,114,5.81039755351682
Abington,PA,5033,133,2.642559109874826
Haddonfield,NJ,6225,128,2.0562248995983934
Cheltenham,PA,738,16,2.168021680216802
Lafayette Hill,PA,2482,57,2.2965350523771155
Fairless Hills,PA,3822,99,2.5902668759811616
Secane,PA,311,18,5.787781350482315
Tampa,FL,454833,10712,2.35515013202648
Bristol,PA,3429,70,2.041411490230388
Bear,DE,60,0,0.0
Kulpsville,PA,492,0,0.0
St Pete Beach,FL,10346,220,2.1264256717572008
Royersford,PA,5251,173,3.2946105503713583
Haverford,PA,1220,5,0.4098360655737705
Crum Lynne,PA,83,0,0.0
Trenton,NJ,6233,195,3.1285095459650245
St Charles,MO,5177,65,1.2555534093104115
Morrisville,PA,2632,35,1.3297872340425532
Audubon ,NJ,52,2,3.8461538461538463
Claymont,DE,1347,37,2.7468448403860433
Land O' Lakes,FL,3614,57,1.5771997786386276
Beech Grove,IN,652,20,3.067484662576687
High Ridge,MO,1157,14,1.2100259291270528
Edgewater Park,NJ,305,2,0.6557377049180327
Yardley,PA,6510,102,1.566820276497696
Ardmore,PA,16093,342,2.125147579693034
Ventura,CA,8,0,0.0
Furlong,PA,264,2,0.7575757575757576
Blackwood,NJ,2487,14,0.5629272215520708
Newfield,NJ,211,2,0.9478672985781991
Pitman,NJ,1867,44,2.3567220139260847
Hernando Beach,FL,950,3,0.3157894736842105
Folsom,PA,2746,49,1.7844136926438456
Croydon,PA,1207,27,2.236951118475559
Reno,NV,351518,4823,1.3720492264976474
Cinnaminson,NJ,3611,35,0.9692605926336195
Eddystone,PA,283,11,3.8869257950530036
Mercerville,NJ,80,1,1.25
Spruce Grove,AB,22,0,0.0
Saint Charles,MO,10149,91,0.8966400630604001
Voorhees Township,NJ,2301,39,1.694915254237288
Villanova,PA,1344,6,0.4464285714285714
Upper Darby PA,PA,6,0,0.0
Malvern,PA,11401,377,3.30672748004561
Maple Shade,NJ,5542,61,1.100685673042223
Maryland Heights,MO,7148,126,1.7627308337996643
Jefferson,LA,2498,11,0.4403522818254604
Lumberton,NJ,1101,7,0.6357856494096277
Dade City,FL,471,4,0.8492569002123143
Jennings,MO,61,0,0.0
Redington Shores,FL,2763,36,1.3029315960912053
Swedesboro,NJ,2909,88,3.025094534204194
St. Charles,MO,5524,32,0.5792903692976104
Eagle,ID,9764,123,1.2597296190086031
Glenside,PA,6170,55,0.8914100486223663
Land o lakes,FL,65,0,0.0
Mt Juliet,TN,1347,15,1.1135857461024499
Trevose,PA,1827,42,2.2988505747126435
Deptford Township,NJ,961,8,0.8324661810613945
Turnersville,NJ,3194,37,1.158422041327489
Berlin Township,NJ,163,6,3.6809815950920246
Valley Park,MO,3156,27,0.8555133079847909
Sahuarita,AZ,1997,20,1.0015022533800702
phoenixville,PA,6,0,0.0
Spring Hill,FL,7824,131,1.6743353783231083
Granite City,IL,1109,14,1.2623985572587917
Arabi,LA,842,18,2.137767220902613
Milmont Park,PA,125,0,0.0
Wayne,PA,15370,361,2.3487312947299936
Saint Ann,MO,1710,43,2.5146198830409356
Wood River,IL,615,5,0.8130081300813009
Eagleville,PA,960,14,1.4583333333333333
Sun City Center,FL,1004,6,0.5976095617529881
Nolensville,TN,3262,44,1.3488657265481299
Dresher,PA,1319,12,0.9097801364670205
Florence,NJ,223,4,1.7937219730941705
Terrytown,LA,1373,47,3.423160961398398
Collegeville,PA,9118,172,1.8863785917964466
Glenn Mills,PA,7,0,0.0
Tucson,AZ,404865,6968,1.7210675163326046
St. Petersburg,FL,54480,915,1.6795154185022025
Horsham,PA,7555,100,1.3236267372600927
McCordsville,IN,1060,8,0.7547169811320755
Whiteland,IN,285,7,2.456140350877193
Town & County,MO,8,0,0.0
Tuson,AZ,13,0,0.0
Avondale,LA,168,0,0.0
Brentwood,MO,5466,40,0.7317965605561654
Manchester,MO,2954,84,2.843601895734597
Twin Oaks,MO,79,0,0.0
Goleta,CA,45643,831,1.8206515785553097
Bensalem,PA,13679,253,1.8495504057314132
Brownsburg,IN,5311,61,1.1485595932969308
Godfrey,IL,516,7,1.3565891472868217
Westville,NJ,860,23,2.6744186046511627
Elsmere,DE,69,0,0.0
Pipersville,PA,691,1,0.1447178002894356
Olivette,MO,1368,100,7.309941520467836
Oldsmar,FL,12250,184,1.5020408163265306
University City,MO,5983,337,5.632625773023567
Mount Ephraim,NJ,470,2,0.425531914893617
Dumont,CO,11,0,0.0
Brooklawn,NJ,533,0,0.0
Kenneth City,FL,1067,103,9.653233364573572
Hockessin,DE,2811,46,1.6364283173247955
Lawrenceville,NJ,250,18,7.199999999999999
Lawrence,IN,429,4,0.9324009324009324
Sanatoga,PA,84,0,0.0
Cherry Hill,NJ,40011,700,1.7495188823073655
Mount Laurel Township,NJ,367,12,3.2697547683923704
Greenwood,IN,17443,235,1.3472453133061975
Rockledge,PA,424,23,5.4245283018867925
West Norriton,PA,31,0,0.0
Royford,PA,6,0,0.0
Mount Laurel,NJ,13273,230,1.7328411060046713
Indian Rocks Beach,FL,10639,149,1.400507566500611
Media,PA,14703,219,1.4894919404203224
Haddon Township,NJ,3151,77,2.4436686766105997
Town and Country,MO,1852,10,0.5399568034557235
Valley Forge,PA,32,0,0.0
Imperial,MO,770,3,0.38961038961038963
New Palestine,IN,384,2,0.5208333333333333
Westchase,FL,419,13,3.1026252983293556
Newtown,PA,11303,194,1.7163584888967531
Caseyville,IL,529,2,0.3780718336483932
Upper Darby,PA,6067,243,4.005274435470579
Ladue,MO,653,7,1.0719754977029097
Terra Ceia,FL,18,0,0.0
Norristown,PA,11695,504,4.309533988884138
Bridge City,LA,39,0,0.0
Indianpolis,IN,110,0,0.0
New Orleans,LA,635329,8912,1.4027377941192674
santa Barbara,CA,16,0,0.0
Dupo,IL,39,0,0.0
Garnet Valley,PA,473,11,2.3255813953488373
Brentwood,TN,23928,328,1.3707790036776997
Edmonton,AB,101823,2119,2.081062235447787
Lebanon,TN,307,2,0.6514657980456027
Bala Cynwyd,PA,6301,68,1.0791937787652754
East Saint Louis,IL,218,2,0.9174311926605505
Titusville,NJ,350,1,0.2857142857142857
Columbus,NJ,810,7,0.8641975308641975
Scott AFB,IL,41,0,0.0
Land O Lakes,FL,2629,33,1.2552301255230125
Hendersonville,TN,14157,317,2.2391749664476936
Bellmawr,NJ,1195,37,3.096234309623431
Lebanon,IL,350,3,0.8571428571428572
Ellisville,MO,7,0,0.0
Meterie,LA,5,0,0.0
Williamstown,NJ,2554,42,1.644479248238058
Conshohocken,PA,15231,378,2.4817805790821352
Skippack,PA,1716,46,2.6806526806526807
Port Richey,FL,7315,124,1.695146958304853
Catalina Foothills,AZ,61,0,0.0
Glen Mills,PA,8858,105,1.1853691578234364
Wilmington,DE,44798,964,2.151881780436627
White House,TN,1703,31,1.8203170874926602
Ybor City,FL,121,0,0.0
Plant City,FL,7356,149,2.025557368134856
Willow Grove,PA,11796,167,1.4157341471685319
View,TN,33,0,0.0
Warminster,PA,6925,163,2.3537906137184117
NEW ORLEANS,LA,152,5,3.289473684210526
Radnor,PA,1494,13,0.8701472556894244
Madison,TN,6839,111,1.6230443047229128
Marana,AZ,4438,48,1.081568273997296
Clifton Heights,PA,1671,10,0.5984440454817475
Newport,DE,288,6,2.083333333333333
Gilbertsville,PA,875,8,0.9142857142857144
Plymouth Meeting,PA,8213,113,1.3758675270911969
King of Prussia,PA,25663,372,1.4495577290262245
Fenton,MO,6519,47,0.7209694738456818
Plumsteadville,PA,402,4,0.9950248756218906
Pleasant View,TN,822,12,1.4598540145985401
Richmond Heights,MO,3471,23,0.6626332469029098
Mt. Laurel,NJ,1249,10,0.8006405124099278
Ashland City,TN,565,11,1.9469026548672566
Greater Northdale,FL,47,4,8.51063829787234
Roslyn,PA,320,1,0.3125
Webster Grvs,MO,6,0,0.0
Hammonton,NJ,591,1,0.1692047377326565
Mooresville,IN,1937,30,1.5487867836861127
Franklinville,NJ,556,1,0.1798561151079137
Coatesville,PA,503,0,0.0
Maplewood,MO,7946,79,0.9942109237352127
Erdenheim,PA,276,0,0.0
West Edmonton,AB,42,0,0.0
Saint Davids,PA,141,0,0.0
Shrewsbury,MO,429,5,1.1655011655011656
Camby,IN,702,10,1.4245014245014245
Reno ,NV,30,0,0.0
Belleville,IL,7562,111,1.4678656440095215
Apollo Beach,FL,4110,37,0.9002433090024331
Stowe,PA,213,4,1.8779342723004695
Waterloo,IL,979,11,1.1235955056179776
Bridgeport,PA,1707,26,1.5231400117164615
Florissant,MO,7027,95,1.3519282766472178
Mont Clare,PA,56,1,1.7857142857142856
Ridley Park,PA,1395,8,0.5734767025089605
Saint Petersburg,FL,78907,1459,1.8490121282015537
Hudson,FL,4893,30,0.6131207847946045
Delaware County,PA,13,0,0.0
Woolwich Twp,NJ,111,0,0.0
Washington Township,NJ,226,1,0.4424778761061947
Oracle,AZ,11,0,0.0
Narberth,PA,2935,64,2.180579216354344
Woodlyn,PA,847,6,0.7083825265643447
Harvey,LA,8087,123,1.520959564733523
Riverton,NJ,533,45,8.442776735459661
St. Davids,PA,270,1,0.3703703703703704
Delran,NJ,2082,14,0.6724303554274735
Atco,NJ,340,2,0.5882352941176471
Lansdowne,PA,2064,21,1.0174418604651163
Meadowbrook,PA,63,0,0.0
St.louis,MO,7,0,0.0
Southwest Philadelphia,PA,92,1,1.0869565217391304
Clarksboro,NJ,548,2,0.36496350364963503
Birchrunville,PA,135,2,1.4814814814814816
Pilesgrove,NJ,330,5,1.5151515151515151
Greenfield,IN,296,1,0.33783783783783783
Meraux,LA,117,1,0.8547008547008548
Ridley,PA,36,0,0.0
Ste C,FL,5,0,0.0
W.Chester,PA,6,0,0.0
Oaklandon,IN,27,0,0.0
Gwynedd Valley,PA,123,7,5.691056910569105
Boise (Meridian),ID,15,0,0.0
Chesterfield,NJ,23,0,0.0
East Norristown,PA,15,0,0.0
Concordville,PA,217,0,0.0
Port Hueneme,CA,7,0,0.0
Washoe Valley,NV,138,0,0.0
Holicong,PA,180,1,0.5555555555555556
Southeast Edmonton,AB,49,0,0.0
Fairview Hts.,IL,45,0,0.0
East St Louis,IL,64,0,0.0
Oldmans,NJ,77,0,0.0
Springhill,FL,21,0,0.0
Joelton,TN,425,4,0.9411764705882352
East Alton,IL,230,2,0.8695652173913043
Rosewood Heights,IL,28,0,0.0
Hadden,NJ,13,0,0.0
Wyndlake Condominium,FL,8,0,0.0
EdMonton,AB,71,1,1.4084507042253522
Inglewood,TN,11,0,0.0
East Nashville,TN,580,1,0.1724137931034483
saint petersburg,FL,19,0,0.0
Tierra Verde,FL,2088,42,2.0114942528735633
St. Pete,FL,53,0,0.0
Scott Air Force Base,IL,74,1,1.3513513513513513
Southwest Tampa,FL,79,0,0.0
Pennsauken Township,NJ,928,40,4.310344827586207
TUCSON,AZ,172,0,0.0
Pagedale,MO,11,0,0.0
Pass-a-Grille Beach,FL,174,0,0.0
Pittsgrove,NJ,92,0,0.0
Mount Lemmon,AZ,603,2,0.33167495854063017
Newtown Township,PA,20,0,0.0
Jamison,PA,1053,9,0.8547008547008548
Saintt Petersburg,FL,11,0,0.0
Boise City,ID,353,65,18.413597733711047
Bucks,PA,79,0,0.0
Casa Adobes,AZ,41,0,0.0
YARDLEY,PA,22,0,0.0
Meridan,ID,62,0,0.0
Summerhaven,AZ,8,0,0.0
S Pasadena,FL,6,0,0.0
Phila,PA,176,6,3.4090909090909087
MERIDIAN,ID,7,0,0.0
Mehville,MO,12,0,0.0
Rillito,AZ,23,0,0.0
​Largo,FL,15,0,0.0
Mandeville,LA,5,0,0.0
WEST CHESTER,PA,59,2,3.389830508474576
Indianapolis ,IN,81,3,3.7037037037037033
RENO AP,NV,5,0,0.0
Plymouth Township,PA,29,0,0.0
Lawrence Township,NJ,166,3,1.8072289156626504
Berry Hill,TN,377,3,0.7957559681697612
West Hill,CA,25,0,0.0
Toughkenamon,PA,167,1,0.5988023952095809
Aldan,PA,200,1,0.5
Hartsville,PA,5,0,0.0
Mantua,NJ,544,1,0.1838235294117647
Pemberton,NJ,118,1,0.847457627118644
Malaga,NJ,167,1,0.5988023952095809
Red Hill,PA,62,1,1.6129032258064515
Bethalto,IL,94,1,1.0638297872340425
Hulmeville,PA,224,1,0.4464285714285714
Beverly,NJ,204,0,0.0
National Park,NJ,102,0,0.0
Almonesson,NJ,16,0,0.0
Charlack,MO,5,0,0.0
Summerland,CA,2418,3,0.12406947890818859
Belleair,FL,79,0,0.0
New Jersey,NJ,11,0,0.0
Yardley Boro,PA,6,0,0.0
Central Tampa,FL,6,0,0.0
Valencia West,AZ,5,0,0.0
Bryn Athyn,PA,75,1,1.3333333333333335
Bordentown Township,NJ,10,0,0.0
South County,MO,16,0,0.0
Parkside,PA,62,0,0.0
Montgomery,PA,42,0,0.0
clifton heights,PA,7,1,14.285714285714285
Pine HIll,NJ,59,0,0.0
Upper Gwynedd,PA,7,0,0.0
Eastampton,NJ,438,2,0.45662100456621
sparks,NV,14,0,0.0
Pennsville Township,NJ,104,7,6.730769230769231
Tucson ,AZ,59,0,0.0
boise,ID,38,0,0.0
Penndel,PA,715,20,2.797202797202797
St. Ann,MO,231,1,0.4329004329004329
Pinecrest West Park,FL,9,1,11.11111111111111
Haddon Twp,NJ,80,0,0.0
Tinicum,PA,49,0,0.0
W Cherry Hill,NJ,109,0,0.0
Worcester,PA,154,1,0.6493506493506493
metairie,LA,5,0,0.0
wilmington,DE,62,1,1.6129032258064515
Haddon,NJ,34,1,2.941176470588235
Christiana,DE,430,1,0.23255813953488372
Harrison Township,NJ,252,3,1.1904761904761905
Santa Ynez,CA,17,0,0.0
New Pt Richey,FL,9,0,0.0
Sappington,MO,441,1,0.22675736961451248
Marshallton,DE,23,0,0.0
St Ann,MO,64,0,0.0
Ashland,TN,27,2,7.4074074074074066
Saint John,MO,47,0,0.0
East St. Louis,IL,93,1,1.0752688172043012
Castleton,IN,356,0,0.0
Erdenheim Pa,PA,7,0,0.0
Burlington Township,NJ,200,1,0.5
Mt. Ephraim,NJ,64,0,0.0
Marlborough,MO,53,0,0.0
Pine Hill,NJ,221,0,0.0
Winslow,NJ,24,0,0.0
Unionville,PA,201,1,0.4975124378109453
Upper Chichester,PA,196,1,0.5102040816326531
Tullytown,PA,15,0,0.0
Ozona,FL,349,2,0.5730659025787965
Danville,IN,193,2,1.0362694300518136
Mantua Township,NJ,153,12,7.8431372549019605
Upland,PA,117,1,0.8547008547008548
Treasure Is,FL,151,0,0.0
Gibbstown,NJ,179,0,0.0
Corona de Tucson,AZ,52,3,5.769230769230769
OFallon,IL,49,0,0.0
North Redington Bch,FL,1268,5,0.3943217665615142
Philadelphia,NJ,35,0,0.0
Glenoldan,PA,65,0,0.0
Ivyland,PA,599,2,0.333889816360601
Horseshoe Bend,ID,9,0,0.0
"Mt Laurel Twp, NJ",NJ,46,0,0.0
Eagle,UT,19,0,0.0
Edgmont,PA,29,0,0.0
St Rose,LA,12,0,0.0
Hilltop,NJ,28,0,0.0
Rose Valley,PA,37,1,2.7027027027027026
Skippack Village,PA,275,7,2.5454545454545454
Zieglerville,PA,79,0,0.0
Norwood,PA,372,2,0.5376344086021506
Yorklyn,DE,63,0,0.0
Sparks,CA,26,0,0.0
Westfield,IN,8,0,0.0
Catalina,AZ,745,51,6.845637583892618
San Antonio,FL,543,43,7.918968692449356
Gladwyne,PA,164,0,0.0
Balm,FL,111,1,0.9009009009009009
West Alton,MO,6,0,0.0
Washington Park,IL,73,0,0.0
Manayunk,PA,1400,5,0.35714285714285715
"Saint Petersburg,",FL,14,0,0.0
West Trenton,NJ,276,0,0.0
Covington,LA,20,0,0.0
Parker Ford,PA,23,0,0.0
erdenheim,PA,74,2,2.7027027027027026
Had Twp,NJ,12,0,0.0
Concord Township,PA,83,0,0.0
Pennsaulen,NJ,8,0,0.0
Mount Juliet,TX,7,0,0.0
Indian Rocks Beach. ,FL,28,0,0.0
Winslow Township,NJ,105,6,5.714285714285714
Bethel,PA,16,2,12.5
Kings Beach,CA,12,0,0.0
Saint Rose,LA,297,3,1.0101010101010102
Crosswicks,NJ,7,0,0.0
Meridian ,ID,5,0,0.0
Bradenton,FL,23,0,0.0
Luling,LA,123,0,0.0
land o lakes,FL,12,0,0.0
French Quarter,LA,69,0,0.0
St  Louis,MO,34,0,0.0
"Beech Grove,",IN,11,0,0.0
reno,NV,151,5,3.3112582781456954
Lansdale ,PA,166,6,3.614457831325301
St Pete,FL,266,0,0.0
Hartford,IL,21,0,0.0
Ridley Township,PA,16,0,0.0
Denver,CO,8,0,0.0
Blvd,MO,32,0,0.0
Rushland,PA,11,0,0.0
New Berlinville,PA,8,0,0.0
Devon-Berwyn,PA,18,1,5.555555555555555
Eaux Claires,AB,13,0,0.0
Waggaman,LA,13,0,0.0
"Tucson, Arizona",AZ,18,0,0.0
East Tampa,FL,77,0,0.0
Thonosassa,FL,5,0,0.0
Mc Cordsville,IN,39,0,0.0
Cheltenham Township,PA,62,4,6.451612903225806
"Nashville,",TN,50,0,0.0
Chestnut Hill,PA,112,0,0.0
tucson,AZ,191,10,5.2356020942408374
Reno Nevada,NV,8,0,0.0
LOWER PROVIDENCE,PA,26,0,0.0
Woodson Terrace,MO,63,15,23.809523809523807
Lawrence Township,IN,19,0,0.0
Palm harbor,FL,264,15,5.681818181818182
West Mount Holly,NJ,65,0,0.0
NEW PRT RCHY,FL,5,0,0.0
Mission Canyon,CA,19,0,0.0
Bensalem Township,PA,135,7,5.185185185185185
Saint Bernard,LA,41,1,2.4390243902439024
New orleans,LA,16,0,0.0
CREVE COEUR,MO,6,0,0.0
Franconia,PA,46,0,0.0
Wilmington Manor,DE,80,4,5.0
Lower Gwynedd Township,PA,33,0,0.0
franklin,TN,10,0,0.0
Smyrna,DE,5,0,0.0
maple shade nj,NJ,11,0,0.0
Vincentown,NJ,586,1,0.17064846416382254
Tren,NJ,10,0,0.0
Southampton Township,NJ,51,3,5.88235294117647
Donelson,TN,74,0,0.0
Wesley chapel,FL,13,0,0.0
Creve Couer,MO,57,0,0.0
NORRISTOWN,PA,33,0,0.0
Philadelphila ,PA,43,0,0.0
PHILADELPHIA,PA,59,0,0.0
Houston,TX,13,0,0.0
Madison,IL,64,0,0.0
Melrose Park,PA,77,7,9.090909090909092
Tampa - North,FL,21,0,0.0
Westmont - Haddon Towsship,NJ,10,0,0.0
CLEARWATER BEACH,FL,5,0,0.0
Gradyville,PA,21,0,0.0
Bargersville,IN,104,5,4.807692307692308
Citrus Park,FL,480,0,0.0
INDIANAPOLIS,IN,14,0,0.0
Arrington,TN,15,0,0.0
AMBLER,PA,10,0,0.0
Erial,NJ,52,0,0.0
Stroudsburg,PA,8,0,0.0
Eddington,PA,12,0,0.0
Gardenville,PA,44,0,0.0
Meridian,CA,12,0,0.0
Strafford,PA,77,0,0.0
Santa Clara,CA,25,0,0.0
COLMAR,PA,5,0,0.0
Norritown,PA,15,0,0.0
N Redington Bch,FL,21,1,4.761904761904762
Reno,CA,55,0,0.0
Mississauga,LA,24,0,0.0
Cumberland,IN,31,0,0.0
DUNEDIN,FL,7,0,0.0
Danboro,PA,11,0,0.0
Nampa,ID,34,0,0.0
Downtown Indianapolis,IN,17,0,0.0
Barnhart,MO,22,0,0.0
River View,FL,14,0,0.0
Nevada,NV,28,0,0.0
meridian,ID,26,0,0.0
Washoe,NV,6,0,0.0
TARPON SPRINGS,FL,5,0,0.0
Wrightstown,PA,220,1,0.45454545454545453
Linfield,PA,378,0,0.0
Pottsgrove,PA,46,0,0.0
Casas Adobes,AZ,49,2,4.081632653061225
Washington,PA,5,0,0.0
SEMINOLE,FL,8,0,0.0
Brentwood - Cool Springs,TN,20,0,0.0
SPRINGHILL,FL,34,0,0.0
AVON,IN,24,0,0.0
Forest Grove,PA,7,0,0.0
Linwood,PA,58,0,0.0
Centreville,IL,22,0,0.0
Bradenton Beach,FL,8,1,12.5
Drexel Hil,PA,22,0,0.0
Belleair Beach,FL,51,0,0.0
Virtual,PA,7,0,0.0
kop,PA,72,0,0.0
New Whiteland,IN,57,0,0.0
Mehlville,MO,88,6,6.8181818181818175
langhorne,PA,16,0,0.0
Medford Lakes,NJ,202,0,0.0
Valencia,CA,9,0,0.0
Monroeville,NJ,147,1,0.6802721088435374
St Pete beach,FL,34,0,0.0
Mccordsville,IN,122,0,0.0
Cedar Brook,NJ,79,0,0.0
Pleasant Township,IN,41,0,0.0
Fox Street,PA,60,0,0.0
Mt.Juliet,TN,14,0,0.0
Sturgeon Couny,AB,5,0,0.0
Earlington,PA,44,0,0.0
Warrington Township,PA,98,0,0.0
FOLSOM,PA,8,0,0.0
Chesilhurst,NJ,103,3,2.912621359223301
E Saint Louis,IL,7,0,0.0
Montgomery Township,PA,14,0,0.0
Gwynedd,PA,356,2,0.5617977528089888
Knoxville,TN,19,0,0.0
Santa Rita,AZ,8,0,0.0
Upper Merion Township,PA,12,0,0.0
Redington Beach,FL,17,0,0.0
Drexel Heights,AZ,7,0,0.0
tampa,FL,39,0,0.0
Fortville,IN,38,0,0.0
Crystal Beach,FL,16,0,0.0
St. Loius,MO,19,0,0.0
Chester Township,PA,11,0,0.0
chicago,FL,13,0,0.0
Cherry Hill,PA,45,0,0.0
San Anselmo,ID,17,0,0.0
Richwood,NJ,13,0,0.0
Sassamansville,PA,23,0,0.0
South Tucson,AZ,47,0,0.0
Cornwells Heights,PA,18,0,0.0
Wayne/Radnor,PA,23,0,0.0
Lutz fl,FL,9,4,44.44444444444444
Hampton,MO,65,0,0.0
ST. PETE BEACH,FL,55,0,0.0
Pinellas,FL,32,2,6.25
Hillsborough,FL,24,0,0.0
Swedesboro ,NJ,11,0,0.0
Mt.Laurel,NJ,54,0,0.0
Pasadena,FL,65,0,0.0
St.Petersburg,FL,241,0,0.0
Bucks County,PA,61,0,0.0
sewell,NJ,28,0,0.0
Cortaro,AZ,27,0,0.0
Newtown square,PA,12,0,0.0
Mt Ephraim,NJ,35,0,0.0
Sparks ,NV,5,0,0.0
Thornton,PA,102,0,0.0
Brooksville,FL,12,0,0.0
Saint Petersburg Beach,FL,21,0,0.0
Fairview Village,PA,152,7,4.605263157894736
Conshohoeken,PA,95,10,10.526315789473683
Safety  Harbor,FL,64,0,0.0
New Orlaens,LA,5,0,0.0
E. Norristown,PA,56,1,1.7857142857142856
Mt. Airy,PA,25,0,0.0
HUdson,FL,17,6,35.294117647058826
Fairmont City,IL,138,43,31.15942028985507
St.Louis,MO,248,0,0.0
Fairview,TN,52,2,3.8461538461538463
Roxana,IL,9,0,0.0
Peerless Park,MO,11,0,0.0
Dunedin ,FL,7,0,0.0
Gulph Mills,PA,191,1,0.5235602094240838
Boise ,ID,17,0,0.0
Roxborough,PA,70,0,0.0
Picture Rocks,AZ,9,1,11.11111111111111
Center Square,PA,23,0,0.0
East Edmonton,AB,24,0,0.0
Eastampton Township,NJ,223,0,0.0
Royersford ,PA,34,0,0.0
Real Goleta,CA,46,0,0.0
Kimmswick,MO,384,2,0.5208333333333333
Shade,NJ,32,0,0.0
Mango,FL,41,1,2.4390243902439024
Algiers,LA,28,0,0.0
Largo (Walsingham),FL,16,0,0.0
Brooklyn,IL,34,0,0.0
Glenmore,PA,11,0,0.0
Whitehouse,TN,9,0,0.0
Lenni,PA,44,0,0.0
Lima,PA,79,0,0.0
Glen Mills,DE,35,0,0.0
Newton Square,PA,62,0,0.0
Enoch,AB,98,0,0.0
Sparks NV,NV,109,1,0.9174311926605505
Bucktown,LA,298,1,0.33557046979865773
Carson City,NV,42,0,0.0
Saint Peters,PA,136,0,0.0
wimauma,FL,8,1,12.5
West Chester PA,PA,7,1,14.285714285714285
Cedars,PA,441,1,0.22675736961451248
Martinsville,IN,100,0,0.0
Ofallon,IL,22,0,0.0
Fairview Hts,IL,129,0,0.0
Evshm Twp,NJ,34,0,0.0
Newportville,PA,113,7,6.1946902654867255
Mechanicsville,PA,13,0,0.0
GARDEN CITY,ID,7,0,0.0
Zionsville In,IN,8,0,0.0
Southhampton,PA,6,0,0.0
Mt Laurel Township,NJ,89,0,0.0
Whites Creek,TN,252,12,4.761904761904762
SAINT LOUIS AP,MO,120,0,0.0
LITHIA,FL,27,0,0.0
saint ann,MO,6,0,0.0
North Coventry Township,PA,9,0,0.0
TRENTON,NJ,8,0,0.0
Lower Gwynedd,PA,54,0,0.0
St Louis County,MO,195,7,3.5897435897435894
MEDIA,PA,147,10,6.802721088435375
Santa Barbara & Ventura Counties,CA,42,0,0.0
LANSDALE,PA,33,5,15.151515151515152
Carversville,PA,113,3,2.6548672566371683
Sumneytown,PA,50,0,0.0
Cottage Hills,IL,30,0,0.0
Reno City,NV,38,0,0.0
Old Strathcona,AB,7,0,0.0
Mt Holly,NJ,109,0,0.0
Pinellas park,FL,41,1,2.4390243902439024
Springfield,NJ,40,0,0.0
Austin,TX,10,0,0.0
Pine Forge,PA,41,0,0.0
Cornwells Hts,PA,32,0,0.0
Stead,NV,24,0,0.0
"Havertown, PA",PA,6,0,0.0
Pedricktown,NJ,53,0,0.0
South Lake Tahoe,CA,5,0,0.0
Liverpool,XMS,5,0,0.0
philadelphia,PA,241,8,3.319502074688797
LOWER MERION,PA,37,2,5.405405405405405
Wilmington ,DE,22,0,0.0
Tampla,FL,77,0,0.0
elmwood,LA,5,0,0.0
POTTSTOWN,PA,6,0,0.0
Arden,DE,11,0,0.0
ClearWater,FL,45,0,0.0
ARDMORE,PA,8,0,0.0
SANTA BARBARA AP,CA,15,0,0.0
Belleair Blf,FL,210,1,0.4761904761904762
Sherwood,AB,71,0,0.0
Philiidelphia,PA,7,0,0.0
University Park,FL,12,1,8.333333333333332
quakertown,PA,22,0,0.0
BOISE AP,ID,18,0,0.0
BRANDON,FL,54,0,0.0
Buckingham Township,PA,19,0,0.0
Chester Heights,PA,27,0,0.0
Nashville,IN,60,0,0.0
New Washoe City,NV,82,0,0.0
Lakeland,FL,62,0,0.0
Santa Barbra,CA,50,0,0.0
Redingtn Shores,FL,11,0,0.0
Afton,MO,53,0,0.0
Delaware,PA,7,0,0.0
St.Pete Beach,FL,10,0,0.0
Hopewell Township,NJ,16,0,0.0
Corona De Tucson,AZ,216,2,0.9259259259259258
Metarie,LA,254,0,0.0
French Quarter - CBD,LA,11,0,0.0
Fieldsboro,NJ,25,0,0.0
West Point,PA,193,1,0.5181347150259068
Centreville,DE,5,0,0.0
Andalusia,PA,51,0,0.0
South Harrison Township,NJ,8,0,0.0
South Tampa,FL,447,13,2.9082774049217
NORTH WALES,PA,53,0,0.0
West Bradford Township,PA,27,0,0.0
Nolenville,TN,15,0,0.0
Lower Merion,PA,30,0,0.0
Pineville,PA,339,0,0.0
Festerville,PA,31,1,3.225806451612903
Edgemont,PA,20,0,0.0
Franklin ,TN,29,0,0.0
Falls,PA,6,0,0.0
Folsom,NJ,7,0,0.0
Goodletsville,TN,202,9,4.455445544554455
DONELSON,TN,28,0,0.0
Town N Country,FL,156,1,0.641025641025641
Cane Ridge,TN,63,2,3.1746031746031744
Metairie ,LA,54,1,1.8518518518518516
Nashville,TX,5,0,0.0
horsham,PA,8,0,0.0
"Land o' Lakes,",FL,11,0,0.0
Town and Country ,MO,104,0,0.0
SAINT PETERSBURG,FL,6,0,0.0
Green Valle,AZ,11,0,0.0
Bridgeton ,MO,5,0,0.0
South Reno,NV,51,0,0.0
NEW ORLEANS AP,LA,54,0,0.0
Mt  Juliet,TN,24,0,0.0
Bristol Twp,PA,39,2,5.128205128205128
Dellwood,MO,5,0,0.0
St Louis,IL,40,0,0.0
"Indianapolis,",IN,42,0,0.0
Gloucester,NJ,9,0,0.0
LARGO,FL,62,0,0.0
Green Park,MO,61,0,0.0
East Falls,PA,372,44,11.827956989247312
W. Berlin,NJ,40,0,0.0
Wilimington,DE,83,0,0.0
Alberta Park Industrial,AB,5,0,0.0
Violet,LA,141,2,1.4184397163120568
N Redngtn Bch,FL,29,0,0.0
Indiana,IN,27,0,0.0
Montchanin,DE,179,0,0.0
Winterthur,DE,103,0,0.0
Bensalem. Pa,PA,58,1,1.7241379310344827
Upper Pottsgrove,PA,59,0,0.0
Belleville ,IL,7,0,0.0
SAINT LOUIS,MO,34,0,0.0
Belle Meade,TN,233,1,0.4291845493562232
SANTA BARBARA,CA,20,0,0.0
Tampa Palms,FL,294,0,0.0
Blooming Glen,PA,32,0,0.0
Carpinteria ,CA,10,0,0.0
Plainfiled,IN,25,0,0.0
Concord Village,MO,9,0,0.0
TUCSON AP,AZ,46,0,0.0
Edmonton City Centre,AB,20,0,0.0
Tinicum Township,PA,194,0,0.0
London Grove,PA,26,0,0.0
St. Louis,IL,14,0,0.0
Macdill Afb,FL,13,0,0.0
CONSHOHOCKEN,PA,9,0,0.0
Grenloch,NJ,12,0,0.0
Merion,PA,40,0,0.0
spring hill,FL,7,0,0.0
Maran,AZ,60,0,0.0
Charles,MO,7,0,0.0
Boston,MA,9,0,0.0
Lynnfield,MA,35,0,0.0
Landsale,PA,17,0,0.0
Rutledge,PA,7,0,0.0
Philadelphia (Northeast Philly),PA,28,0,0.0
TRINITY,FL,53,0,0.0
Clarksville,TN,37,0,0.0
Cherry Hill Mall,NJ,8,0,0.0
Costa Mesa,CA,9,0,0.0
Salinas,CA,29,0,0.0
Foster Pond,IL,74,17,22.972972972972975
ST. PETERSBURG,FL,61,0,0.0
N.Wales,PA,28,0,0.0
LANGHORNE,PA,115,6,5.217391304347826
Bayonet Point,FL,85,0,0.0
Wycombe,PA,86,1,1.1627906976744187
Wilmington,PA,16,0,0.0
St. Rose,LA,292,4,1.36986301369863
West Collingswood Heights,NJ,130,0,0.0
Tierre Verde,FL,47,2,4.25531914893617
St. Leo,FL,132,1,0.7575757575757576
Alloway,NJ,18,0,0.0
Haverton,PA,30,0,0.0
UPPR BLCK EDY,PA,9,0,0.0
Delran Township,NJ,52,0,0.0
Feasterville-trevose,PA,25,0,0.0
DELRAN,NJ,89,18,20.224719101123593
South Madison,TN,13,0,0.0
Overbrook,PA,13,0,0.0
New Tampa,FL,10,0,0.0
Pegram,TN,28,0,0.0
Johnson,IN,19,0,0.0
CLIFTON HEIGHTS,PA,63,0,0.0
West Rockhill,PA,6,0,0.0
Bel Ridge,MO,16,0,0.0
Land O'lakes,FL,47,0,0.0
"Sparks,",NV,6,0,0.0
St. Petersberg,FL,21,0,0.0
Chichester,PA,47,0,0.0
Swedeland,PA,5,0,0.0
Sullivan,MO,23,0,0.0
Creamery,PA,112,0,0.0
Santa  Barbara,CA,147,23,15.646258503401361
PINELLAS PARK,FL,46,0,0.0
Stanton,DE,8,0,0.0
Glendale,NJ,9,0,0.0
goodlettsville,TN,43,3,6.976744186046512
Lawrence,NJ,64,0,0.0
Tennesse,TN,15,0,0.0
Winchester,MO,211,15,7.109004739336493
Warminster ,PA,22,0,0.0
WILLOW GROVE,PA,53,0,0.0
new orleans,LA,24,0,0.0
Barto,PA,9,0,0.0
Hillsborough County,FL,185,6,3.2432432432432434
UPPER MORELAND,PA,38,0,0.0
"Mount Holly,",NJ,26,0,0.0
Fort Saskatchewan,AB,7,0,0.0
"Tampa,Fl",FL,5,2,40.0
VALRICO,FL,21,0,0.0
Fallsington,PA,26,0,0.0
MARLTON,NJ,12,1,8.333333333333332
Key Largo,FL,5,0,0.0
Kng Of Prusia,PA,14,0,0.0
Philly,PA,7,0,0.0
S.Pasadena,FL,41,0,0.0
Monchanin,DE,10,0,0.0
Middletown,PA,141,0,0.0
Kirklyn,PA,28,1,3.571428571428571
HENDERSONVILLE,TN,13,0,0.0
INpolis,IN,12,0,0.0
Nashville ,TN,40,0,0.0
DOWNINGTOWN,PA,12,0,0.0
West Norriton ,PA,8,0,0.0
Hatboro,NJ,9,0,0.0
East Boise,ID,17,0,0.0
Shady Hills,FL,14,0,0.0
Redington Shore,FL,25,0,0.0
RIVERVIEW,FL,50,0,0.0
Saint Leo,FL,30,0,0.0
Pennsylvania,PA,30,0,0.0
Maryland Height,MO,19,0,0.0
Lower Southampton,PA,6,0,0.0
MANCHESTER,MO,10,0,0.0
Tortola,VI,11,0,0.0
St. Louis County,MO,150,0,0.0
St. Peters,MO,153,14,9.15032679738562
Clearwater/ Countryside,FL,430,0,0.0
Clermont,IN,116,2,1.7241379310344827
Telford ,PA,76,0,0.0
Santa Maria,CA,39,0,0.0
Zieglersville,PA,19,0,0.0
Hurffville,NJ,6,0,0.0
St.Charles,MO,213,0,0.0
CHELTENHAM,PA,23,0,0.0
Cold Springs,NV,71,0,0.0
"Tampa,",FL,12,0,0.0
Newtown Sq.,PA,9,0,0.0
Dover,DE,8,0,0.0
Frederick,PA,5,0,0.0
Newton,PA,33,0,0.0
Charlotte,PA,8,0,0.0
St Boise,ID,15,0,0.0
Staint Albert,AB,8,0,0.0
Drexel,PA,5,0,0.0
Cedarbrook,NJ,5,0,0.0
Nashville-Davidson metropolitan government (balance),TN,13,0,0.0
New castle,DE,5,0,0.0
Fernley,NV,7,0,0.0
Huntingdon Valley PA,PA,5,0,0.0
Franklin,IN,7,2,28.57142857142857
Bellville,IL,6,0,0.0
riverview,FL,24,0,0.0
Philadelphia PA,PA,12,0,0.0
Upper Pittsgrove,NJ,14,0,0.0
lawrence,IN,31,0,0.0
West Deptford Townsh,NJ,8,0,0.0
Jefferson Parish,LA,5,0,0.0
Bridgeport,NJ,20,0,0.0
College Place,WA,13,0,0.0
Town n Country,FL,31,3,9.67741935483871
RENO,NV,38,0,0.0
Fairless,PA,6,0,0.0
Saint louis,MO,17,0,0.0
Cherry Hil,NJ,16,0,0.0
Phonixville,PA,5,0,0.0
Downtown,LA,20,0,0.0
Warwick,PA,16,0,0.0
Tampa Terrace,FL,8,0,0.0
pennsauken,NJ,7,0,0.0
Roseville,MI,11,0,0.0
MADISON,TN,12,0,0.0
indianopolis,IN,14,0,0.0
Spring Hill,TN,11,0,0.0
Oakford,PA,21,0,0.0
Bethel Township,PA,34,0,0.0
Hamiltion,NJ,20,0,0.0
Tarpon springs,FL,401,34,8.478802992518704
Boone,IN,9,0,0.0
Riveridge,LA,17,0,0.0
Mt. Holly,NJ,27,0,0.0
Pilgrim Gardens,PA,9,0,0.0
Cerritos,CA,136,0,0.0
Rural Hill,TN,5,0,0.0
​Lithia,FL,6,0,0.0
Land-O-Lakes,FL,15,0,0.0
Lake Saint Louis,MO,74,0,0.0
Center City Philadelphia,PA,6,0,0.0
Oxnard,CA,13,0,0.0
Gentilly,LA,27,0,0.0
CLEARWATER,FL,66,0,0.0
Trolley Square,DE,34,1,2.941176470588235
Echelon,NJ,8,0,0.0
Tampa,CA,14,0,0.0
Kalispell,MT,6,0,0.0
Freehold,NJ,9,0,0.0
Woolwich Twp.,NJ,16,0,0.0
VC Highlands,NV,42,0,0.0
"Eagle,",ID,19,0,0.0
North Marlton,NJ,9,0,0.0
Zephryhills,FL,5,0,0.0
Kenneth,FL,38,1,2.631578947368421
NASHVILLE AP,TN,7,0,0.0
Eagle,CA,30,0,0.0
​Clayton,MO,6,0,0.0
largo,FL,16,0,0.0
Washington Twp,NJ,16,0,0.0
North Coventry,PA,6,0,0.0
Lebanon,IN,52,0,0.0
Woodbourne,PA,24,0,0.0
Chicago,IL,12,0,0.0
Radnor Township,PA,37,0,0.0
Nixa,TN,42,0,0.0
St Petersberg,FL,6,0,0.0
ST LOUIS,MO,335,11,3.2835820895522385
Claerwater,FL,32,0,0.0
South Roxana,IL,18,0,0.0
Wanamaker,IN,51,0,0.0
Black Jack,MO,25,0,0.0
Tampa Florida,FL,48,0,0.0
Glendale,MO,14,0,0.0
NEWARK,DE,23,0,0.0
Feastville,PA,11,0,0.0
Oldmans Township,NJ,12,0,0.0
Saint Louis,MO,20,0,0.0
St louis,MO,8,0,0.0
West  Deptford,NJ,7,0,0.0
"Downingtown,",PA,6,0,0.0
Pilot Sound Area West Portion,AB,8,0,0.0
Moorestown-Lenola,NJ,17,0,0.0
"Palm Harbor, FL",FL,6,0,0.0
North Maple Shade,NJ,21,0,0.0
Delray Beach,IN,8,1,12.5
Sarasota,FL,6,0,0.0
Delran Twp,NJ,6,0,0.0
Green Hills,TN,20,0,0.0
Los Ranchitos,AZ,7,0,0.0
O' Fallon,IL,60,0,0.0
Honey Brook,PA,12,0,0.0
Cynwyd,PA,6,0,0.0
Crystal Springs,FL,5,0,0.0
Carney's Point,NJ,32,0,0.0
frazer,PA,23,0,0.0
Solebury,PA,36,0,0.0
Tampa - South,FL,26,0,0.0
Tampa,SD,42,0,0.0
Monrovia,IN,7,0,0.0
Boulevard,FL,10,0,0.0
Tylersport,PA,8,0,0.0
"Feasterville-Trevose, PA",PA,62,0,0.0
New Orleans,FL,35,0,0.0
Bridgeton,NJ,19,1,5.263157894736842
Tucson,HI,15,0,0.0
Feasterville Trev,PA,8,0,0.0
Scott Afb,IL,11,0,0.0
McCarran,NV,21,0,0.0
Franklin,NJ,92,1,1.0869565217391304
Upper Southampton,PA,20,0,0.0
West Philadelphia,PA,6,0,0.0
Merion Park,PA,7,0,0.0
Vineland,NJ,5,1,20.0
East Greenville,PA,5,0,0.0
Greater Carrollwood,FL,18,0,0.0
"Cherry Hill,",NJ,9,0,0.0
Aliso Viejo,CA,10,0,0.0
Hi-Nella,NJ,26,0,0.0
Dunnellon,FL,13,0,0.0
Chalemette,LA,7,0,0.0
Palm harbor ,FL,9,0,0.0
Land o Lakes,FL,49,0,0.0
Belleair Blufs,FL,7,0,0.0
AB Edmonton,AB,6,0,0.0
Newcastle,DE,5,0,0.0
Lower Southampton Township,PA,28,0,0.0
Elfers,FL,10,0,0.0
Haddon township,NJ,8,0,0.0
Media,DE,5,0,0.0
gilbertsville,PA,6,0,0.0
nashville,TN,10,0,0.0
Twin oaks,MO,8,0,0.0
"Maryland Height, MO",MO,10,0,0.0
Westhampton,NJ,5,0,0.0
Nsshville,TN,11,0,0.0
Fairland,IN,42,0,0.0
Wesley Ccapel,FL,6,0,0.0
BOISE,ID,5,0,0.0
Newtown Sqaure,PA,7,0,0.0
"Old Hickory, TN",TN,18,0,0.0
South Burlington,NJ,33,0,0.0
wesley chapel,FL,8,0,0.0
Lakewood,TN,12,0,0.0
Bellefontaine,MO,9,0,0.0
Haverford ,PA,9,0,0.0
Wesley Chapel ,FL,8,0,0.0
Bellefontaine Neighbors,MO,7,0,0.0
Brentwood ,TN,27,0,0.0
Blackwood ,NJ,39,0,0.0
Washington,NJ,10,0,0.0
St Petersurg,FL,5,0,0.0
Ewing Twp,NJ,9,0,0.0
Stone Harbor,NJ,7,0,0.0
Madiera Beach,FL,7,0,0.0
Oro valley,AZ,6,0,0.0
"Haverford,",PA,6,0,0.0
Boutte,LA,9,0,0.0
Hi Nella,NJ,5,0,0.0
Indianapolis city (balance),IN,7,0,0.0
CHESTER HEIGHTS,PA,8,0,0.0
Riverview Fl,FL,14,3,21.428571428571427
"Safety Harbor,",FL,10,0,0.0
Tampa ,FL,8,0,0.0
Huntington Valley,PA,11,0,0.0
"Saint Louis,",MO,58,3,5.172413793103448
Lincoln,IL,6,0,0.0
New Britian,PA,6,1,16.666666666666664
Berlin Boro,NJ,7,0,0.0
Los Angeles,CA,5,0,0.0
Elk Township,NJ,6,0,0.0
"Clearwater,",FL,8,0,0.0
MacDill AFB,FL,21,0,0.0
Philiadelphia,PA,21,0,0.0
Downtown,AB,6,0,0.0
nolensville,TN,20,0,0.0
RADNOR,PA,53,3,5.660377358490567
Chattanooga,TN,7,0,0.0
South Cherry Hill,NJ,10,0,0.0
East Norriton ,PA,7,0,0.0
Williamsport,PA,5,0,0.0
Bennington,VT,10,0,0.0
Woodbury Hts.,NJ,11,0,0.0
Apopka,FL,5,0,0.0
Hollywood,PA,23,0,0.0
Aston,DE,14,0,0.0
Pasco,FL,26,0,0.0
Monroe,NJ,6,0,0.0
TAMPA AP,FL,18,0,0.0
Spark,NV,5,0,0.0
Hernando Bch,FL,16,0,0.0
PLYMOUTH MTNG,PA,12,0,0.0
St.  Charles,MO,58,1,1.7241379310344827
Claymont,PA,12,0,0.0
Bellefonte,DE,15,0,0.0
kenner,LA,19,0,0.0
Newtown Sq,PA,7,0,0.0
Wesley Chapel  FL,FL,13,0,0.0
Apollo beach,FL,9,0,0.0
TEMPLE TERR,FL,10,1,10.0
Town 'N' Country,FL,53,4,7.547169811320755
Philadelphia ,PA,54,3,5.555555555555555
Reno Sparks,NV,39,0,0.0
Rancocas,NJ,7,0,0.0
Wales,PA,8,0,0.0
Slidell,LA,18,0,0.0
West Nashville,TN,5,0,0.0
Safety Hatbor,FL,8,0,0.0
King of Prussi,PA,6,0,0.0
Hancock,IN,5,0,0.0
Kimmiswick,MO,5,0,0.0
spring city,PA,6,0,0.0
Quinton,NJ,8,0,0.0
MIDDLE CITY WEST,PA,5,0,0.0
Penllyn,PA,5,0,0.0
Mount Laurel,NV,7,0,0.0
Landsdale,PA,5,0,0.0
Edgemoor,DE,6,0,0.0
Southampton ,NJ,14,0,0.0
Spring Hill,CA,28,0,0.0
Saint Louis ,MO,11,0,0.0
"Santa Barbara,",CA,8,0,0.0
Forest Hills,FL,6,0,0.0
Deptford Twp,NJ,5,0,0.0
Caln,PA,12,1,8.333333333333332
